<?xml version="1.0" encoding="UTF-8"?><rss version="2.0"
	xmlns:content="http://purl.org/rss/1.0/modules/content/"
	xmlns:wfw="http://wellformedweb.org/CommentAPI/"
	xmlns:dc="http://purl.org/dc/elements/1.1/"
	xmlns:atom="http://www.w3.org/2005/Atom"
	xmlns:sy="http://purl.org/rss/1.0/modules/syndication/"
	xmlns:slash="http://purl.org/rss/1.0/modules/slash/"
	>

<channel>
	<title>Microrrelato &#8211; Meta Verso</title>
	<atom:link href="./index.html" rel="self" type="application/rss+xml" />
	<link>./../../../index.html</link>
	<description>Punto de fuga</description>
	<lastBuildDate>Sun, 20 Mar 2022 03:01:49 +0000</lastBuildDate>
	<language>es-AR</language>
	<sy:updatePeriod>
	hourly	</sy:updatePeriod>
	<sy:updateFrequency>
	1	</sy:updateFrequency>
	<generator>https://wordpress.org/?v=6.1.1</generator>

<image>
	<url>./../../../wp-content/uploads/2021/12/cropped-IMG_20211024_165003359-01-1-32x32.jpeg</url>
	<title>Microrrelato &#8211; Meta Verso</title>
	<link>./../../../index.html</link>
	<width>32</width>
	<height>32</height>
</image> 
	<item>
		<title>Tarde de calor</title>
		<link>./../../../tarde-de-calor/index.html</link>
		
		<dc:creator><![CDATA[fuga]]></dc:creator>
		<pubDate>Sun, 20 Mar 2022 03:01:49 +0000</pubDate>
				<category><![CDATA[Cuentos y relatos]]></category>
		<category><![CDATA[Microrrelato]]></category>
		<category><![CDATA[Salpicre]]></category>
		<guid isPermaLink="false">./../../../index.html?p=252</guid>

					<description><![CDATA[&#160; Un perro ladró cerca, el gato saltó sobre la mesa. La jarra de agua se volcó arrastrando tres vasos de vidrio con vino que se hicieron añicos rozando el cable de la amoladora. La mujer gritó y él giró su torso con la herramienta aún encendida. Él gritó. Su pierna gritó. Todos gritaron. Salpicre [&#8230;]]]></description>
		
		
		
			</item>
		<item>
		<title>(Des)hacerse</title>
		<link>./../../../deshacerse/index.html</link>
		
		<dc:creator><![CDATA[fuga]]></dc:creator>
		<pubDate>Sat, 05 Mar 2022 20:31:11 +0000</pubDate>
				<category><![CDATA[Cuentos y relatos]]></category>
		<category><![CDATA[Microrrelato]]></category>
		<guid isPermaLink="false">./../../../index.html?p=248</guid>

					<description><![CDATA[. Empezó tímidamente cortándose las puntas del cabello pero el silencioso entusiasmo la dejó pelada en pocos minutos. Siguió con una hoja de afeitar, rasurándose los pelos de las piernas. Cuando no hubo más vello por quitar, continuó lonjeando la piel. Pronto estuvo rebanando sus músculos hasta que la tibia impuso un freno. Aprovechó una [&#8230;]]]></description>
		
		
		
			</item>
		<item>
		<title>Sin perder el hilo</title>
		<link>./../../../sin-perder-el-hilo/index.html</link>
		
		<dc:creator><![CDATA[fuga]]></dc:creator>
		<pubDate>Sun, 30 Jan 2022 02:53:28 +0000</pubDate>
				<category><![CDATA[Cuentos y relatos]]></category>
		<category><![CDATA[Destejer]]></category>
		<category><![CDATA[Hilo]]></category>
		<category><![CDATA[Microcuento]]></category>
		<category><![CDATA[Microrrelato]]></category>
		<category><![CDATA[Pájaros]]></category>
		<guid isPermaLink="false">./../../../index.html?p=195</guid>

					<description><![CDATA[&#160; Un cosquilleo, una molestia, una llamada de atención en el dedo chiquito del pie, le dio pie a encontrarse con una hilacha suelta. Jalarla suave, notar que cedía con leves trabas al cambiar de hilado, mientras se destejía. Iba por la cintura cuando observó, entre su tronco y la nada, un bollo enmarañado de [&#8230;]]]></description>
		
		
		
			</item>
		<item>
		<title>Bots sin IA</title>
		<link>./../../../bots-sin-ia/index.html</link>
		
		<dc:creator><![CDATA[fuga]]></dc:creator>
		<pubDate>Sat, 29 Jan 2022 02:47:18 +0000</pubDate>
				<category><![CDATA[Cuentos y relatos]]></category>
		<category><![CDATA[Bot]]></category>
		<category><![CDATA[Cinco sentidos]]></category>
		<category><![CDATA[Inteligencia artificial]]></category>
		<category><![CDATA[Microrrelato]]></category>
		<category><![CDATA[Sin sentido]]></category>
		<guid isPermaLink="false">./../../../index.html?p=185</guid>

					<description><![CDATA[&#160; Un ojo se le salió por completo, luego el otro. Rodaron calle abajo. Las orejas se le achicharraron y la piel se descamó completa volando desordenada según soplaba el viento. Su lengua se bifurcó y cada bifurcación también. Hilos desabridos se le retorcían en las fauces. Su nariz se selló quedando como una protuberancia [&#8230;]]]></description>
		
		
		
			</item>
		<item>
		<title>Despedida</title>
		<link>./../../../despedida/index.html</link>
		
		<dc:creator><![CDATA[fuga]]></dc:creator>
		<pubDate>Fri, 28 Jan 2022 01:46:30 +0000</pubDate>
				<category><![CDATA[Cuentos y relatos]]></category>
		<category><![CDATA[Cinco sentidos]]></category>
		<category><![CDATA[Despedida]]></category>
		<category><![CDATA[Gusto]]></category>
		<category><![CDATA[Los mismos de siempre]]></category>
		<category><![CDATA[Microrrelato]]></category>
		<guid isPermaLink="false">./../../../index.html?p=181</guid>

					<description><![CDATA[&#160; Un gusto haberte conocido. &#160; A decir verdad, fue dulce al principio, demasiado empalagoso &#8230; hasta tornarse salado. Casi tan deshidratante como beber agua de mar. Por poco me anclo a sorber hasta el infinito. &#160; Ácido en la boca de mi estómago luego de cada lamida que prometía ser umami. Amargo el limbo [&#8230;]]]></description>
		
		
		
			</item>
		<item>
		<title>Polvo, el frincipio</title>
		<link>./../../../polvo-el-frincipio/index.html</link>
		
		<dc:creator><![CDATA[fuga]]></dc:creator>
		<pubDate>Mon, 24 Jan 2022 06:28:44 +0000</pubDate>
				<category><![CDATA[Cuentos y relatos]]></category>
		<category><![CDATA[Cinco sentidos]]></category>
		<category><![CDATA[Microcuento]]></category>
		<category><![CDATA[Microrrelato]]></category>
		<category><![CDATA[Polvo]]></category>
		<category><![CDATA[Tacto]]></category>
		<guid isPermaLink="false">./../../../index.html?p=166</guid>

					<description><![CDATA[La casa se llenó de arena y polvillo a un son casi imperceptible. La acumulación, a cada segundo más abultada, lo cubrió todo. Divertido dibujar en superficies planas con el dedo abusando del grosor, dando lugar a sombreados texturados increíbles. No tan divertido enjuagar vasos, platos, una y otra vez. Barrer se volvió un deporte [&#8230;]]]></description>
		
		
		
			</item>
		<item>
		<title>Lavado</title>
		<link>./../../../lavado/index.html</link>
		
		<dc:creator><![CDATA[fuga]]></dc:creator>
		<pubDate>Mon, 24 Jan 2022 04:16:53 +0000</pubDate>
				<category><![CDATA[Cuentos y relatos]]></category>
		<category><![CDATA[Cinco sentidos]]></category>
		<category><![CDATA[Lavado]]></category>
		<category><![CDATA[Lluvia]]></category>
		<category><![CDATA[Microcuento]]></category>
		<category><![CDATA[Microrrelato]]></category>
		<category><![CDATA[Vista]]></category>
		<guid isPermaLink="false">./../../../index.html?p=158</guid>

					<description><![CDATA[Gris el cielo, nublado el pensamiento. Ese silencio propio de la incertidumbre, de la espera. Opaco el viento, arrimó las primeras gotas indecisas. Sonoras todas al estrellarse en la superficie en suerte, cada vez más veloces y agresivas, comenzaron a lavar el paisaje. Los árboles llovidos, goteaban color hacia el suelo. Matices de verdes se [&#8230;]]]></description>
		
		
		
			</item>
		<item>
		<title>Delicia</title>
		<link>./../../../delicia/index.html</link>
		
		<dc:creator><![CDATA[fuga]]></dc:creator>
		<pubDate>Mon, 17 Jan 2022 19:17:12 +0000</pubDate>
				<category><![CDATA[Cuentos y relatos]]></category>
		<category><![CDATA[Ficción]]></category>
		<category><![CDATA[Microrrelato]]></category>
		<guid isPermaLink="false">./../../../index.html?p=136</guid>

					<description><![CDATA[Se admiraba tanto, se amaba con tal desenfreno, que volvió tras sus pasos a buscarse en el espejo. No aguantaba mucho tiempo sin observarse. &#160; La adoración desmesurada y profunda que sintió al verse esa vez, provocó el acercamiento de su cuerpo al reflejo. En lo más estrecho de la aproximación, se intentó morder con [&#8230;]]]></description>
		
		
		
			</item>
	</channel>
</rss>
