<?xml version="1.0" encoding="UTF-8"?><rss version="2.0"
	xmlns:content="http://purl.org/rss/1.0/modules/content/"
	xmlns:wfw="http://wellformedweb.org/CommentAPI/"
	xmlns:dc="http://purl.org/dc/elements/1.1/"
	xmlns:atom="http://www.w3.org/2005/Atom"
	xmlns:sy="http://purl.org/rss/1.0/modules/syndication/"
	xmlns:slash="http://purl.org/rss/1.0/modules/slash/"
	>

<channel>
	<title>Hundido &#8211; Meta Verso</title>
	<atom:link href="./index.html" rel="self" type="application/rss+xml" />
	<link>./../../../index.html</link>
	<description>Punto de fuga</description>
	<lastBuildDate>Mon, 17 Jan 2022 22:09:17 +0000</lastBuildDate>
	<language>es-AR</language>
	<sy:updatePeriod>
	hourly	</sy:updatePeriod>
	<sy:updateFrequency>
	1	</sy:updateFrequency>
	<generator>https://wordpress.org/?v=6.1.1</generator>

<image>
	<url>./../../../wp-content/uploads/2021/12/cropped-IMG_20211024_165003359-01-1-32x32.jpeg</url>
	<title>Hundido &#8211; Meta Verso</title>
	<link>./../../../index.html</link>
	<width>32</width>
	<height>32</height>
</image> 
	<item>
		<title>Pasado</title>
		<link>./../../../pasado/index.html</link>
		
		<dc:creator><![CDATA[fuga]]></dc:creator>
		<pubDate>Mon, 17 Jan 2022 22:09:17 +0000</pubDate>
				<category><![CDATA[Cuentos y relatos]]></category>
		<category><![CDATA[Hundido]]></category>
		<category><![CDATA[Inundación]]></category>
		<category><![CDATA[Pasado]]></category>
		<category><![CDATA[Relato]]></category>
		<guid isPermaLink="false">./../../../index.html?p=142</guid>

					<description><![CDATA[No hubo sirena de alerta. No dio tiempo. La inundación, esa temporada, les sacó de la cama con el agua al cuello. &#160; Refugiarse en el techo de la casa, la única opción al alcance de la mano. Todo el vecindario, mudado intempestivamente a las alturas en el momento más caluroso del año; dónde el [&#8230;]]]></description>
		
		
		
			</item>
	</channel>
</rss>
