<?xml version="1.0" encoding="UTF-8"?><rss version="2.0"
	xmlns:content="http://purl.org/rss/1.0/modules/content/"
	xmlns:wfw="http://wellformedweb.org/CommentAPI/"
	xmlns:dc="http://purl.org/dc/elements/1.1/"
	xmlns:atom="http://www.w3.org/2005/Atom"
	xmlns:sy="http://purl.org/rss/1.0/modules/syndication/"
	xmlns:slash="http://purl.org/rss/1.0/modules/slash/"
	>

<channel>
	<title>Bot &#8211; Meta Verso</title>
	<atom:link href="./index.html" rel="self" type="application/rss+xml" />
	<link>./../../../index.html</link>
	<description>Punto de fuga</description>
	<lastBuildDate>Sat, 29 Jan 2022 02:48:20 +0000</lastBuildDate>
	<language>es-AR</language>
	<sy:updatePeriod>
	hourly	</sy:updatePeriod>
	<sy:updateFrequency>
	1	</sy:updateFrequency>
	<generator>https://wordpress.org/?v=6.1.1</generator>

<image>
	<url>./../../../wp-content/uploads/2021/12/cropped-IMG_20211024_165003359-01-1-32x32.jpeg</url>
	<title>Bot &#8211; Meta Verso</title>
	<link>./../../../index.html</link>
	<width>32</width>
	<height>32</height>
</image> 
	<item>
		<title>Bots sin IA</title>
		<link>./../../../bots-sin-ia/index.html</link>
		
		<dc:creator><![CDATA[fuga]]></dc:creator>
		<pubDate>Sat, 29 Jan 2022 02:47:18 +0000</pubDate>
				<category><![CDATA[Cuentos y relatos]]></category>
		<category><![CDATA[Bot]]></category>
		<category><![CDATA[Cinco sentidos]]></category>
		<category><![CDATA[Inteligencia artificial]]></category>
		<category><![CDATA[Microrrelato]]></category>
		<category><![CDATA[Sin sentido]]></category>
		<guid isPermaLink="false">./../../../index.html?p=185</guid>

					<description><![CDATA[&#160; Un ojo se le salió por completo, luego el otro. Rodaron calle abajo. Las orejas se le achicharraron y la piel se descamó completa volando desordenada según soplaba el viento. Su lengua se bifurcó y cada bifurcación también. Hilos desabridos se le retorcían en las fauces. Su nariz se selló quedando como una protuberancia [&#8230;]]]></description>
		
		
		
			</item>
	</channel>
</rss>
