<?xml version="1.0" encoding="UTF-8"?><rss version="2.0"
	xmlns:content="http://purl.org/rss/1.0/modules/content/"
	xmlns:wfw="http://wellformedweb.org/CommentAPI/"
	xmlns:dc="http://purl.org/dc/elements/1.1/"
	xmlns:atom="http://www.w3.org/2005/Atom"
	xmlns:sy="http://purl.org/rss/1.0/modules/syndication/"
	xmlns:slash="http://purl.org/rss/1.0/modules/slash/"
	>

<channel>
	<title>Gusto &#8211; Meta Verso</title>
	<atom:link href="./index.html" rel="self" type="application/rss+xml" />
	<link>./../../../index.html</link>
	<description>Punto de fuga</description>
	<lastBuildDate>Fri, 28 Jan 2022 01:46:30 +0000</lastBuildDate>
	<language>es-AR</language>
	<sy:updatePeriod>
	hourly	</sy:updatePeriod>
	<sy:updateFrequency>
	1	</sy:updateFrequency>
	<generator>https://wordpress.org/?v=6.1.1</generator>

<image>
	<url>./../../../wp-content/uploads/2021/12/cropped-IMG_20211024_165003359-01-1-32x32.jpeg</url>
	<title>Gusto &#8211; Meta Verso</title>
	<link>./../../../index.html</link>
	<width>32</width>
	<height>32</height>
</image> 
	<item>
		<title>Despedida</title>
		<link>./../../../despedida/index.html</link>
		
		<dc:creator><![CDATA[fuga]]></dc:creator>
		<pubDate>Fri, 28 Jan 2022 01:46:30 +0000</pubDate>
				<category><![CDATA[Cuentos y relatos]]></category>
		<category><![CDATA[Cinco sentidos]]></category>
		<category><![CDATA[Despedida]]></category>
		<category><![CDATA[Gusto]]></category>
		<category><![CDATA[Los mismos de siempre]]></category>
		<category><![CDATA[Microrrelato]]></category>
		<guid isPermaLink="false">./../../../index.html?p=181</guid>

					<description><![CDATA[&#160; Un gusto haberte conocido. &#160; A decir verdad, fue dulce al principio, demasiado empalagoso &#8230; hasta tornarse salado. Casi tan deshidratante como beber agua de mar. Por poco me anclo a sorber hasta el infinito. &#160; Ácido en la boca de mi estómago luego de cada lamida que prometía ser umami. Amargo el limbo [&#8230;]]]></description>
		
		
		
			</item>
	</channel>
</rss>
