<?xml version="1.0" encoding="UTF-8"?><rss version="2.0"
	xmlns:content="http://purl.org/rss/1.0/modules/content/"
	xmlns:wfw="http://wellformedweb.org/CommentAPI/"
	xmlns:dc="http://purl.org/dc/elements/1.1/"
	xmlns:atom="http://www.w3.org/2005/Atom"
	xmlns:sy="http://purl.org/rss/1.0/modules/syndication/"
	xmlns:slash="http://purl.org/rss/1.0/modules/slash/"
	>

<channel>
	<title>Desodorante &#8211; Meta Verso</title>
	<atom:link href="./index.html" rel="self" type="application/rss+xml" />
	<link>./../../../index.html</link>
	<description>Punto de fuga</description>
	<lastBuildDate>Wed, 26 Jan 2022 05:18:17 +0000</lastBuildDate>
	<language>es-AR</language>
	<sy:updatePeriod>
	hourly	</sy:updatePeriod>
	<sy:updateFrequency>
	1	</sy:updateFrequency>
	<generator>https://wordpress.org/?v=6.1.1</generator>

<image>
	<url>./../../../wp-content/uploads/2021/12/cropped-IMG_20211024_165003359-01-1-32x32.jpeg</url>
	<title>Desodorante &#8211; Meta Verso</title>
	<link>./../../../index.html</link>
	<width>32</width>
	<height>32</height>
</image> 
	<item>
		<title>Desodorante</title>
		<link>./../../../desodorante/index.html</link>
		
		<dc:creator><![CDATA[fuga]]></dc:creator>
		<pubDate>Wed, 26 Jan 2022 05:18:17 +0000</pubDate>
				<category><![CDATA[Cuentos y relatos]]></category>
		<category><![CDATA[Aroma]]></category>
		<category><![CDATA[Cinco sentidos]]></category>
		<category><![CDATA[Cuento]]></category>
		<category><![CDATA[Desodorante]]></category>
		<category><![CDATA[Olfato]]></category>
		<category><![CDATA[Relato]]></category>
		<guid isPermaLink="false">./../../../index.html?p=172</guid>

					<description><![CDATA[&#160; -Tenemos que reinventarnos, señores.- Fueron las palabras finales que quedaron resonando luego de la reunión que impulsaba la próxima campaña publicitaria de aquella empresa de desodorantes. Surgieron inmediatamente proyectos y prototipos que reciclaban fragancias ya utilizadas: Jazmín y tierra, para guerreras delicadas; jengibre con miel, para lucir tu espíritu dulce y picante sin tapujos; [&#8230;]]]></description>
		
		
		
			</item>
	</channel>
</rss>
