<?xml version="1.0" encoding="UTF-8"?><rss version="2.0"
	xmlns:content="http://purl.org/rss/1.0/modules/content/"
	xmlns:wfw="http://wellformedweb.org/CommentAPI/"
	xmlns:dc="http://purl.org/dc/elements/1.1/"
	xmlns:atom="http://www.w3.org/2005/Atom"
	xmlns:sy="http://purl.org/rss/1.0/modules/syndication/"
	xmlns:slash="http://purl.org/rss/1.0/modules/slash/"
	>

<channel>
	<title>Tinnitus &#8211; Meta Verso</title>
	<atom:link href="./index.html" rel="self" type="application/rss+xml" />
	<link>./../../../index.html</link>
	<description>Punto de fuga</description>
	<lastBuildDate>Wed, 26 Jan 2022 07:08:37 +0000</lastBuildDate>
	<language>es-AR</language>
	<sy:updatePeriod>
	hourly	</sy:updatePeriod>
	<sy:updateFrequency>
	1	</sy:updateFrequency>
	<generator>https://wordpress.org/?v=6.1.1</generator>

<image>
	<url>./../../../wp-content/uploads/2021/12/cropped-IMG_20211024_165003359-01-1-32x32.jpeg</url>
	<title>Tinnitus &#8211; Meta Verso</title>
	<link>./../../../index.html</link>
	<width>32</width>
	<height>32</height>
</image> 
	<item>
		<title>Un blues en MI</title>
		<link>./../../../un-blues-en-mi/index.html</link>
		
		<dc:creator><![CDATA[fuga]]></dc:creator>
		<pubDate>Wed, 26 Jan 2022 07:05:01 +0000</pubDate>
				<category><![CDATA[Cuentos y relatos]]></category>
		<category><![CDATA[Blues]]></category>
		<category><![CDATA[Cinco sentidos]]></category>
		<category><![CDATA[Oído]]></category>
		<category><![CDATA[Relato]]></category>
		<category><![CDATA[Silencio]]></category>
		<category><![CDATA[Tinnitus]]></category>
		<guid isPermaLink="false">./../../../index.html?p=176</guid>

					<description><![CDATA[Probablemente algo ebrio, una noche de otoño, sentado fuera de la carpa, en aquel inhóspito llano entre sierras, me porfió su irrefutable revelación: -El silencio no existe.- Meses después, nos enterábamos que tenía tinnitus*. En este caso, un pitido agudo audible solo por él, que no provenía de fuente externa alguna. Supimos, luego de unas [&#8230;]]]></description>
		
		
		
			</item>
	</channel>
</rss>
