<?xml version="1.0" encoding="UTF-8"?><rss version="2.0"
	xmlns:content="http://purl.org/rss/1.0/modules/content/"
	xmlns:wfw="http://wellformedweb.org/CommentAPI/"
	xmlns:dc="http://purl.org/dc/elements/1.1/"
	xmlns:atom="http://www.w3.org/2005/Atom"
	xmlns:sy="http://purl.org/rss/1.0/modules/syndication/"
	xmlns:slash="http://purl.org/rss/1.0/modules/slash/"
	>

<channel>
	<title>Salpicre &#8211; Meta Verso</title>
	<atom:link href="./index.html" rel="self" type="application/rss+xml" />
	<link>./../../../index.html</link>
	<description>Punto de fuga</description>
	<lastBuildDate>Sun, 20 Mar 2022 03:01:49 +0000</lastBuildDate>
	<language>es-AR</language>
	<sy:updatePeriod>
	hourly	</sy:updatePeriod>
	<sy:updateFrequency>
	1	</sy:updateFrequency>
	<generator>https://wordpress.org/?v=6.1.1</generator>

<image>
	<url>./../../../wp-content/uploads/2021/12/cropped-IMG_20211024_165003359-01-1-32x32.jpeg</url>
	<title>Salpicre &#8211; Meta Verso</title>
	<link>./../../../index.html</link>
	<width>32</width>
	<height>32</height>
</image> 
	<item>
		<title>Tarde de calor</title>
		<link>./../../../tarde-de-calor/index.html</link>
		
		<dc:creator><![CDATA[fuga]]></dc:creator>
		<pubDate>Sun, 20 Mar 2022 03:01:49 +0000</pubDate>
				<category><![CDATA[Cuentos y relatos]]></category>
		<category><![CDATA[Microrrelato]]></category>
		<category><![CDATA[Salpicre]]></category>
		<guid isPermaLink="false">./../../../index.html?p=252</guid>

					<description><![CDATA[&#160; Un perro ladró cerca, el gato saltó sobre la mesa. La jarra de agua se volcó arrastrando tres vasos de vidrio con vino que se hicieron añicos rozando el cable de la amoladora. La mujer gritó y él giró su torso con la herramienta aún encendida. Él gritó. Su pierna gritó. Todos gritaron. Salpicre [&#8230;]]]></description>
		
		
		
			</item>
	</channel>
</rss>
