<?xml version="1.0" encoding="UTF-8"?><rss version="2.0"
	xmlns:content="http://purl.org/rss/1.0/modules/content/"
	xmlns:wfw="http://wellformedweb.org/CommentAPI/"
	xmlns:dc="http://purl.org/dc/elements/1.1/"
	xmlns:atom="http://www.w3.org/2005/Atom"
	xmlns:sy="http://purl.org/rss/1.0/modules/syndication/"
	xmlns:slash="http://purl.org/rss/1.0/modules/slash/"
	>

<channel>
	<title>Polvo &#8211; Meta Verso</title>
	<atom:link href="./index.html" rel="self" type="application/rss+xml" />
	<link>./../../../index.html</link>
	<description>Punto de fuga</description>
	<lastBuildDate>Mon, 24 Jan 2022 06:28:44 +0000</lastBuildDate>
	<language>es-AR</language>
	<sy:updatePeriod>
	hourly	</sy:updatePeriod>
	<sy:updateFrequency>
	1	</sy:updateFrequency>
	<generator>https://wordpress.org/?v=6.1.1</generator>

<image>
	<url>./../../../wp-content/uploads/2021/12/cropped-IMG_20211024_165003359-01-1-32x32.jpeg</url>
	<title>Polvo &#8211; Meta Verso</title>
	<link>./../../../index.html</link>
	<width>32</width>
	<height>32</height>
</image> 
	<item>
		<title>Polvo, el frincipio</title>
		<link>./../../../polvo-el-frincipio/index.html</link>
		
		<dc:creator><![CDATA[fuga]]></dc:creator>
		<pubDate>Mon, 24 Jan 2022 06:28:44 +0000</pubDate>
				<category><![CDATA[Cuentos y relatos]]></category>
		<category><![CDATA[Cinco sentidos]]></category>
		<category><![CDATA[Microcuento]]></category>
		<category><![CDATA[Microrrelato]]></category>
		<category><![CDATA[Polvo]]></category>
		<category><![CDATA[Tacto]]></category>
		<guid isPermaLink="false">./../../../index.html?p=166</guid>

					<description><![CDATA[La casa se llenó de arena y polvillo a un son casi imperceptible. La acumulación, a cada segundo más abultada, lo cubrió todo. Divertido dibujar en superficies planas con el dedo abusando del grosor, dando lugar a sombreados texturados increíbles. No tan divertido enjuagar vasos, platos, una y otra vez. Barrer se volvió un deporte [&#8230;]]]></description>
		
		
		
			</item>
	</channel>
</rss>
